id_person;name
person_0;Lori Cannon
person_1;Lisa Aguirre
person_2;Michael Lee
person_3;Ashley Jackson
person_4;Michelle Price
person_5;Sara Sutton
person_6;Kurt Carroll
person_7;Brian Williams
person_8;Julia Montoya
person_9;Lori Fernandez
person_10;Suzanne Hunter
person_11;Brittany Carroll
person_12;Felicia Mcclure
person_13;Maria Mueller
person_14;Luis Suarez
person_15;Kenneth Brady
person_16;Sharon Carrillo
person_17;Tammy Montgomery
person_18;Theresa Howell
person_19;Barbara Hill
person_20;Teresa Allen
person_21;Benjamin Jackson
person_22;Elizabeth Martin
person_23;Jeffery Berry
person_24;Nathan Fernandez
person_25;Robert Lopez
person_26;Jennifer Booth
person_27;Colleen Rubio
person_28;Donald Brown
person_29;Jessica May
person_30;Daniel Torres
person_31;Jeffrey Olson DVM
person_32;George Walker
person_33;Matthew Campos
person_34;Jacqueline Greer
person_35;Monica Jones
person_36;Ms. Shirley Cole MD
person_37;Sharon Gregory
person_38;Lindsey Vasquez
person_39;David West
person_40;Gail Rios
person_41;Matthew Mitchell
person_42;Angela Kelly
person_43;Amanda Burton
person_44;Dustin Morales
person_45;Eric Cannon PhD
person_46;Miss Sheri Bryant
person_47;Benjamin Reeves
person_48;Vincent Phillips
person_49;Bridget Compton
person_50;Kimberly Huynh
person_51;Cole Keller
person_52;Rebecca Potts
person_53;Stacy Villegas
person_54;Andrea Long
person_55;Zachary Smith
person_56;Eric Haynes
person_57;Kiara Hart
person_58;Katelyn Arias
person_59;Lacey Farrell
person_60;Jason Hicks
person_61;Kyle Hayes DDS
person_62;Patrick Mitchell
person_63;Tyler Montgomery
person_64;Anna Johnson
person_65;Deborah Patel
person_66;Michelle Rogers
person_67;Emily Long
person_68;Brian Wheeler
person_69;Ashley Harris
person_70;Dawn Gibbs
person_71;Arthur Lambert
person_72;Nicholas Patel
person_73;Susan Ortega
person_74;Aaron Greer
person_75;Cassandra Davis
person_76;Sydney French
person_77;Cindy Flores
person_78;Patrick Peters
person_79;Robert Alexander
person_80;Amber Bauer
person_81;Austin Riley
person_82;Stephanie Nguyen
person_83;Julie Baker
person_84;Jennifer Camacho
person_85;Frances Collins
person_86;Jessica Edwards
person_87;Derek Young
person_88;Joseph Dixon
person_89;Troy Garcia
person_90;April Simpson
person_91;Barbara Smith
person_92;Crystal Snyder
person_93;Laura Murphy
person_94;Michele Grant
person_95;Tammy Hamilton
person_96;Micheal Johnston
person_97;Tracy Burns
person_98;Catherine Anderson
person_99;James Smith
